year,revenue,gross_margin,operating_margin,gross_profit,operating_income,net_income
2026,18466.2,55.0,-101.57598206452872,10156.410000000002,-18757.224000000002,-14067.918000000001
2027,16619.58,55.0,-103.57598206452872,9140.769000000002,-17213.893200000002,-12910.4199
2028,14957.622000000001,55.0,-105.57598206452872,8226.692100000002,-15791.656320000004,-11843.742240000003
2029,13461.859800000002,55.0,-107.57598206452872,7404.022890000002,-14481.727884000004,-10861.295913000002
2030,12115.673820000002,55.0,-109.57598206452872,6663.620601000001,-13275.868572000003,-9956.901429000001
